Tools - Termine planen,
Nuudel,
Nuudel,
MS Outlook,
Teamup,
Nuudel,
Nuudel,
Framadate
Outlook, 
Doodle,
Nextcloud,
Asana, 
MS Outlook,
MS Outlook,
MS Outlook,
Website
MS Outlook, 
MS Exchange
Webseite
Office-SW
MS Outlook,
Nuudel,
Kalender
Website,
Doodle
Kalender,
Clubdesk
Email
Notion
Jira,
WhatsApp,
Signal
Email,
Signal,
Email,
WhatsApp,
Email,
MS Excel,
Doodle,
Nuudel,
Nuudel,
ClubDesk,
Email,
Welante
ChurchTools,
Nuudel,
WhatsApp,
Doodle,
WhatsApp,
Email,
Clubdesk,
Doodle,
WhatsApp,
Email,
Google Kalender,
Threema,
WhatsApp,
Nuudel,
Konzertmeister,
Nuudel,
Vereinsplaner,
Doodle,
Google Drive,
Trello,
Clubdesk,
Clubdesk,
MS Outlook,
Doodle, 
Google Excel
